{"schemaVersion":"1.0","appDefinitionTemplate":{"id":"/providers/Microsoft.PowerApps/apps/","type":"Microsoft.PowerApps/apps","tags":{"primaryDeviceWidth":"640","primaryDeviceHeight":"1136","sienaVersion":"20200913T131614Z-3.20085.19.0","deviceCapabilities":"webcam","supportsPortrait":"true","supportsLandscape":"false","primaryFormFactor":"Phone","publisherVersion":"3.20085.19","minimumRequiredApiVersion":"2.2.0","hasComponent":"false","hasUnlockedComponent":"false","isUnifiedRootApp":"false"},"properties":{"appVersion":"2020-09-13T13:16:14Z","lifeCycleId":"Published","createdByClientVersion":{"major":3,"minor":20085,"build":19,"revision":0,"majorRevision":0,"minorRevision":0},"minClientVersion":{"major":3,"minor":20085,"build":19,"revision":0,"majorRevision":0,"minorRevision":0},"backgroundColor":"rgba(0, 176, 240, 1)","backgroundImageUri":"/1531159973071694670/N12ff9cd3-7545-4882-8e5e-f6ad0c3d452d-logoSmallFile","displayName":"JumpThe Queue","description":"","commitMessage":"","appUris":{"documentUri":{"value":"/1531159973071694670/Nafdeae12-c019-4839-9705-37bfa84d6a58-document.msapp","readonlyValue":"/1531159973071694670/Nafdeae12-c019-4839-9705-37bfa84d6a58-document.msapp"},"imageUris":[]},"createdTime":"0001-01-01T00:00:00Z","lastModifiedTime":"0001-01-01T00:00:00Z","sharedGroupsCount":0,"sharedUsersCount":0,"icons":{"smallIconUri":"/1531159973071694670/Nd97a91c5-a64a-45e2-9858-7e170d1cb64e-small.png","mediumIconUri":"/1531159973071694670/Nc0d56524-72c6-4805-9577-2cdfb1307ff7-medium.png","largeIconUri":"/1531159973071694670/Naa213792-9e46-438b-921c-18da05a2c675-large.png","wideIconUri":"/1531159973071694670/Na68ffea3-75c1-44dc-bb43-240072ab1a08-wide.png"},"connectionReferences":{"b9c97f6f-5a05-4bc9-b549-feb4204ac229":{"id":"778e9fa3-4b01-4f95-b9b1-d9c84654b5da","displayName":"Facebook","iconUri":"https://connectoricons-prod.azureedge.net/releases/v1.0.1373/1.0.1373.2081/facebook/icon.png","dataSources":["Facebook"],"dependencies":[],"dependents":[],"parameterHints":{},"isOnPremiseConnection":false,"bypassConsent":false,"dataSets":{},"apiTier":"Standard","isCustomApiConnection":false},"f133fc74-ae9a-45f0-9bb3-1ad787b75bce":{"id":"1a1e9e09-927f-4cf2-a772-c761d48af4df","displayName":"Office 365 Outlook","iconUri":"https://connectoricons-prod.azureedge.net/releases/v1.0.1385/1.0.1385.2110/office365/icon.png","dataSources":["Office365Outlook"],"dependencies":[],"dependents":[],"parameterHints":{},"isOnPremiseConnection":false,"bypassConsent":false,"dataSets":{},"apiTier":"Standard","isCustomApiConnection":false},"1dd69dcf-945b-4d2e-b840-a92b024dbffa":{"id":"5aabbc85-8a2e-48e0-a7ef-9a362041c805","displayName":"Excel","iconUri":"https://connectoricons-prod.azureedge.net/excel/icon_1.0.1352.2014.png","dataSources":["Table1"],"dependencies":["ade15e40-2e49-47d9-aae7-104eb0d8a69f"],"dependents":[],"parameterHints":{"ade15e40-2e49-47d9-aae7-104eb0d8a69f":{"value":"fileSource"}},"isOnPremiseConnection":false,"bypassConsent":false,"dataSets":{"b!T9F6ySP21UCZxKUFifnICoaARkByXJlPqllyQZy58hXVtSjUZUvRSrp-SkWQ_htk.01QTHSR3MKNIFNMLBISNGJ7LDHAPGX7YX2":{"dataSources":{"Table1":{"tableName":"Table1"}}}},"apiTier":"Standard","isCustomApiConnection":false},"ade15e40-2e49-47d9-aae7-104eb0d8a69f":{"id":"0a268404-919b-40ce-ae33-03145bc46125","displayName":"OneDrive for Business","iconUri":"https://connectoricons-prod.azureedge.net/onedriveforbusiness/icon_1.0.1341.1987.png","dataSources":[],"dependencies":[],"dependents":["1dd69dcf-945b-4d2e-b840-a92b024dbffa"],"parameterHints":{},"isOnPremiseConnection":false,"bypassConsent":false,"dataSets":{},"apiTier":"Standard","isCustomApiConnection":false}},"databaseReferences":{},"almMode":"Environment","performanceOptimizationEnabled":true,"canConsumeAppPass":true},"isAppComponentLibrary":false,"appType":"ClassicCanvasApp","appComponents":[]}}